Date,Symbol,Series,Prev Close,Open,High,Low,Last,Close,VWAP,Volume,Turnover,Trades,Deliverable Volume,%Deliverble
01-01-2020,TATAMOTORS,EQ,185.15,185.15,186.7,183.6,184.25,184.45,185.11,25968357,4.80695E+14,99072,1878537,0.0723
02-01-2020,TATAMOTORS,EQ,184.45,185,194.7,184.6,193.85,193.75,190.57,57289863,1.09175E+15,251258,9368491,0.1635
03-01-2020,TATAMOTORS,EQ,193.75,192.9,195.65,189.25,191.25,191.1,192,47572728,9.13414E+14,185614,4181757,0.0879
06-01-2020,TATAMOTORS,EQ,191.1,191,191,185.05,185.4,185.65,187.3,28621212,5.3608E+14,138113,3848110,0.1344
07-01-2020,TATAMOTORS,EQ,185.65,187,189.4,182.3,184.35,184.7,185.41,34995035,6.48831E+14,133404,3453069,0.0987
08-01-2020,TATAMOTORS,EQ,184.7,180.2,184.2,180.2,182.75,182.55,182.39,21862695,3.98754E+14,96592,2366695,0.1083
09-01-2020,TATAMOTORS,EQ,182.55,184.85,192.75,184.25,192.4,192,189.24,40803142,7.72152E+14,169349,4419385,0.1083
10-01-2020,TATAMOTORS,EQ,192,192,199,190,194.25,196.35,193.86,60252338,1.16805E+15,233758,6153112,0.1021
13-01-2020,TATAMOTORS,EQ,196.35,194.75,197.75,191.4,195.9,196.25,194.56,40535961,7.88686E+14,153824,7702853,0.19
14-01-2020,TATAMOTORS,EQ,196.25,195.7,198.25,193.6,195.2,195.85,196.42,29867542,5.86669E+14,121231,2349518,0.0787
15-01-2020,TATAMOTORS,EQ,195.85,195,201.7,194,199.7,200.35,198.74,38485962,7.6486E+14,164803,3118661,0.081
16-01-2020,TATAMOTORS,EQ,200.35,199.5,200.6,196.9,197.25,197.55,198.68,28118140,5.58649E+14,143016,3114624,0.1108
17-01-2020,TATAMOTORS,EQ,197.55,197.25,199.45,195.7,196.7,197.3,198.1,18204088,3.60618E+14,90448,1075718,0.0591
20-01-2020,TATAMOTORS,EQ,197.3,198,201.45,194.3,195.55,195,197.2,28976013,5.71408E+14,124160,2721775,0.0939
21-01-2020,TATAMOTORS,EQ,195,195.5,196.4,190.2,190.25,191.4,193.54,20859400,4.03709E+14,101560,2045869,0.0981
22-01-2020,TATAMOTORS,EQ,191.4,191.95,192.5,184.25,185.6,185.6,186.78,32952072,6.15495E+14,147905,4602385,0.1397
23-01-2020,TATAMOTORS,EQ,185.6,186.75,190.4,183.8,188.1,188.4,187.77,33032086,6.20243E+14,141362,2724024,0.0825
24-01-2020,TATAMOTORS,EQ,188.4,188,191,185,186.9,186.5,188.92,21791825,4.11689E+14,103503,3178972,0.1459
27-01-2020,TATAMOTORS,EQ,186.5,185.7,186.9,180.85,182.35,182.2,183.6,30132428,5.53228E+14,135488,5101016,0.1693
28-01-2020,TATAMOTORS,EQ,182.2,183.9,184.3,174.9,176.4,176.1,179.62,38283588,6.8764E+14,189737,8739649,0.2283
29-01-2020,TATAMOTORS,EQ,176.1,178.8,188.9,178.55,188.1,188.05,184.96,61585660,1.1391E+15,283929,6663303,0.1082
30-01-2020,TATAMOTORS,EQ,188.05,190.95,192.55,184.25,186.3,186.2,188.16,70900581,1.33406E+15,291552,7218067,0.1018
31-01-2020,TATAMOTORS,EQ,186.2,186.3,188.35,175.95,176.9,176.6,180.14,75621897,1.36226E+15,308408,9868706,0.1305
01-02-2020,TATAMOTORS,EQ,176.6,175.4,178.8,163.7,165.4,165.6,172.07,42515114,7.31573E+14,233423,5781201,0.136
03-02-2020,TATAMOTORS,EQ,165.6,163.5,168.3,159.55,164.4,163.85,163.79,66616190,1.09113E+15,311155,6577664,0.0987
04-02-2020,TATAMOTORS,EQ,163.85,166.55,168.6,161.2,166.35,165.7,165.32,49034642,8.10653E+14,224465,5286416,0.1078
05-02-2020,TATAMOTORS,EQ,165.7,167.4,184.95,166.6,183.4,183.75,177.48,92982265,1.65024E+15,357445,9596603,0.1032
06-02-2020,TATAMOTORS,EQ,183.75,182,183.4,175.75,178.5,178.85,179.03,61821140,1.10678E+15,256544,6854219,0.1109
07-02-2020,TATAMOTORS,EQ,178.85,177.4,178.15,173,173.5,173.6,175.19,45195760,7.91807E+14,180734,4124684,0.0913
10-02-2020,TATAMOTORS,EQ,173.6,173.2,173.2,168,169,168.9,169.44,33279372,5.63901E+14,155885,2887898,0.0868
11-02-2020,TATAMOTORS,EQ,168.9,171.85,175.15,168.4,170.05,169.75,172.5,42868276,7.39481E+14,170810,2296531,0.0536
12-02-2020,TATAMOTORS,EQ,169.75,173,173.3,169,171.1,170.95,170.83,34621395,5.91426E+14,136834,3698571,0.1068
13-02-2020,TATAMOTORS,EQ,170.95,171.35,172.35,168.1,169.65,169.5,169.7,25049848,4.25088E+14,99951,2886807,0.1152
14-02-2020,TATAMOTORS,EQ,169.5,172,176.2,168.3,169.65,169.1,172.52,56676430,9.77762E+14,233526,4898144,0.0864
17-02-2020,TATAMOTORS,EQ,169.1,170.4,171.35,166.35,170,169.1,168.83,32893274,5.55348E+14,142023,1753432,0.0533
18-02-2020,TATAMOTORS,EQ,169.1,168,168,158.6,162.55,161.6,162.25,52744122,8.55779E+14,208214,6956555,0.1319
19-02-2020,TATAMOTORS,EQ,161.6,162.85,164.6,153.05,158.1,158.05,157.33,78914233,1.24154E+15,321799,6092001,0.0772
20-02-2020,TATAMOTORS,EQ,158.05,157.95,162.3,156,158.75,158.5,159.44,54328194,8.66216E+14,205410,4426122,0.0815
24-02-2020,TATAMOTORS,EQ,158.5,154,155.9,149.6,150.6,150.65,153.41,39706007,6.09145E+14,191095,5113467,0.1288
25-02-2020,TATAMOTORS,EQ,150.65,152.2,153.4,147.45,150.45,149.9,149.93,52719851,7.90406E+14,199104,2731271,0.0518
26-02-2020,TATAMOTORS,EQ,149.9,146.9,147.9,143.7,144.5,144.55,145.64,47605927,6.9331E+14,218833,4704279,0.0988
27-02-2020,TATAMOTORS,EQ,144.55,144.15,146.75,141.1,145.3,145.25,143.41,51328153,7.3612E+14,180842,6470073,0.1261
28-02-2020,TATAMOTORS,EQ,145.25,138.85,139.6,127.05,129.65,128.95,132.43,94469619,1.25103E+15,341462,13132658,0.139
02-03-2020,TATAMOTORS,EQ,128.95,133,133.9,123.8,125.1,125.4,128.88,111585697,1.43815E+15,340443,12939787,0.116
03-03-2020,TATAMOTORS,EQ,125.4,127.5,131.4,125.25,130.4,130.35,127.87,86765576,1.1095E+15,287946,12890285,0.1486
04-03-2020,TATAMOTORS,EQ,130.35,129.6,129.6,120.55,126.4,126.2,124.9,97546902,1.21836E+15,294498,8351873,0.0856
05-03-2020,TATAMOTORS,EQ,126.2,127.55,129.15,124.25,124.75,125.75,126.45,87795649,1.1102E+15,268826,5143535,0.0586
06-03-2020,TATAMOTORS,EQ,125.75,115,117.3,112.8,113.8,114.2,114.92,83971462,9.64996E+14,331758,13405181,0.1596
09-03-2020,TATAMOTORS,EQ,114.2,109,109.85,104.25,104.9,105.7,107.19,81550460,8.74163E+14,284834,12502380,0.1533
11-03-2020,TATAMOTORS,EQ,105.7,104.85,106.5,97.8,98.35,98.9,101.88,111148611,1.13239E+15,335274,16466588,0.1481
12-03-2020,TATAMOTORS,EQ,98.9,91.1,94.9,84.1,88.95,88,89.33,143551005,1.28231E+15,483314,24688656,0.172
13-03-2020,TATAMOTORS,EQ,88,81.9,94.15,78.05,90.5,89.75,87.17,106153102,9.25321E+14,428426,20307907,0.1913
16-03-2020,TATAMOTORS,EQ,89.75,85.6,87.65,82.2,82.6,82.95,84.99,73707690,6.2647E+14,280638,14830661,0.2012
17-03-2020,TATAMOTORS,EQ,82.95,83.05,85,77.4,77.5,77.95,81.57,71849223,5.86088E+14,294238,12018544,0.1673
18-03-2020,TATAMOTORS,EQ,77.95,79.9,80.45,75.1,75.4,75.5,77.29,70134169,5.42094E+14,255759,11851509,0.169
19-03-2020,TATAMOTORS,EQ,75.5,70,76.5,68.75,72.9,72.95,72.83,68124538,4.96135E+14,258513,8662112,0.1272
20-03-2020,TATAMOTORS,EQ,72.95,74,79.6,72.65,77.8,77.3,76.07,86044637,6.54538E+14,260134,17087936,0.1986
23-03-2020,TATAMOTORS,EQ,77.3,70,72,66,66.7,66.2,68.84,34184331,2.35323E+14,205748,12336172,0.3609
24-03-2020,TATAMOTORS,EQ,66.2,69.9,71.5,63.5,68.95,68.55,67.98,49553202,3.3684E+14,231290,7492133,0.1512
25-03-2020,TATAMOTORS,EQ,68.55,67.75,71.7,67.25,70.1,70.25,69.25,57716006,3.99675E+14,221008,17182051,0.2977
26-03-2020,TATAMOTORS,EQ,70.25,71.45,73.5,68.3,70.95,70.8,70.9,63822905,4.52511E+14,240944,12581401,0.1971
27-03-2020,TATAMOTORS,EQ,70.8,72.05,75.9,69.35,70.7,70.7,72.09,58824452,4.24075E+14,221468,6902573,0.1173
30-03-2020,TATAMOTORS,EQ,70.7,68.8,70,67.25,68.4,68.15,68.6,35278179,2.42011E+14,145591,4965248,0.1407
31-03-2020,TATAMOTORS,EQ,68.15,70.6,71.5,68.2,70.75,71.05,70.08,46166723,3.23559E+14,176816,6604697,0.1431
01-04-2020,TATAMOTORS,EQ,71.05,70.5,71.65,67.55,67.95,67.95,69.14,38167981,2.63905E+14,158063,7834484,0.2053
03-04-2020,TATAMOTORS,EQ,67.95,66.9,66.9,64.8,65.45,65.3,65.5,35346490,2.31514E+14,161810,8319686,0.2354
07-04-2020,TATAMOTORS,EQ,65.3,68.55,69.3,66.9,67.2,67.25,67.81,42070735,2.85269E+14,149087,13029766,0.3097
08-04-2020,TATAMOTORS,EQ,67.25,66.5,71.6,65.4,67.75,67.6,68.76,82182403,5.65119E+14,248580,14804513,0.1801
09-04-2020,TATAMOTORS,EQ,67.6,69.6,76.25,69.1,74.5,74.6,73.81,112680750,8.31742E+14,350425,15404378,0.1367
13-04-2020,TATAMOTORS,EQ,74.6,76,77.6,72.7,74.5,74.25,74.47,70414018,5.24338E+14,256322,9433794,0.134
15-04-2020,TATAMOTORS,EQ,74.25,75.4,78.7,71.95,73.1,72.9,75.43,81126343,6.11906E+14,277572,14858676,0.1832
16-04-2020,TATAMOTORS,EQ,72.9,71.75,75.4,71,75.1,74.65,73.69,47910556,3.53043E+14,152202,5852162,0.1221
17-04-2020,TATAMOTORS,EQ,74.65,78.3,78.3,74.7,76.85,76.85,76.11,58336227,4.44009E+14,186796,9584419,0.1643
20-04-2020,TATAMOTORS,EQ,76.85,76.85,83.4,75.5,80.1,80.45,80.94,125427754,1.01525E+15,400016,14631225,0.1167
21-04-2020,TATAMOTORS,EQ,80.45,78,78,74,74.45,74.65,75.47,58249560,4.39621E+14,223568,13973828,0.2399
22-04-2020,TATAMOTORS,EQ,74.65,74.45,76.55,72.55,76.15,75.9,74.34,56529909,4.20267E+14,183754,7635802,0.1351
23-04-2020,TATAMOTORS,EQ,75.9,76.75,78.65,75.4,75.9,75.65,76.94,50372620,3.8759E+14,161989,6412100,0.1273
24-04-2020,TATAMOTORS,EQ,75.65,75,76.9,74,74.3,74.2,75.51,40054235,3.02434E+14,129250,5108268,0.1275
27-04-2020,TATAMOTORS,EQ,74.2,75.9,76.2,74.8,75.15,75.25,75.4,27835405,2.09887E+14,93555,3668934,0.1318
28-04-2020,TATAMOTORS,EQ,75.25,75.65,78.2,75.2,76.85,76.95,76.83,34825466,2.67574E+14,107365,5734888,0.1647
29-04-2020,TATAMOTORS,EQ,76.95,77.45,79.3,76.55,78.15,78.15,78.07,40785025,3.1841E+14,133880,8210629,0.2013
30-04-2020,TATAMOTORS,EQ,78.15,85.95,93.75,85.95,93.75,93.25,89.27,170645234,1.52339E+15,519684,31194881,0.1828
04-05-2020,TATAMOTORS,EQ,93.25,87,87.2,81.5,84.05,83.9,84.1,91167307,7.66685E+14,327945,17224243,0.1889
05-05-2020,TATAMOTORS,EQ,83.9,86,86.8,80.4,81,80.9,84.32,57123018,4.81637E+14,194041,10083444,0.1765
06-05-2020,TATAMOTORS,EQ,80.9,81.55,83.95,80.35,83.7,83.2,82.54,53739428,4.43574E+14,166733,5697458,0.106
07-05-2020,TATAMOTORS,EQ,83.2,82.9,84.65,82.1,82.55,82.5,83.28,31160671,2.59502E+14,119183,3839170,0.1232
08-05-2020,TATAMOTORS,EQ,82.5,84.5,84.95,80.55,81.2,81.05,82.46,35363226,2.91618E+14,135944,5610622,0.1587
11-05-2020,TATAMOTORS,EQ,81.05,81.45,90.65,81.4,85.85,86.1,86.95,152592033,1.32678E+15,470511,16863736,0.1105
12-05-2020,TATAMOTORS,EQ,86.1,85.95,87.7,83.5,86.45,86.2,85.02,77552355,6.59377E+14,245351,8722985,0.1125
13-05-2020,TATAMOTORS,EQ,86.2,92.5,92.5,86.25,88,87.2,88.65,68086246,6.036E+14,237994,10605119,0.1558
14-05-2020,TATAMOTORS,EQ,87.2,83.95,85.3,82.55,83.9,83.8,84.09,46341703,3.89673E+14,173963,9178367,0.1981
15-05-2020,TATAMOTORS,EQ,83.8,84.7,85.35,82.8,84.15,84.35,83.91,38594210,3.23837E+14,124113,5477665,0.1419
18-05-2020,TATAMOTORS,EQ,84.35,84.5,84.5,79.6,80.9,80.65,81.14,44221575,3.58818E+14,163410,7019950,0.1587
19-05-2020,TATAMOTORS,EQ,80.65,82.5,85.65,81.5,82.3,81.8,83.66,65379359,5.46943E+14,194462,8832443,0.1351
20-05-2020,TATAMOTORS,EQ,81.8,81.25,84.4,80.7,83.65,83.45,82.97,36351616,3.01591E+14,116445,4506508,0.124
21-05-2020,TATAMOTORS,EQ,83.45,83.1,85.2,82.9,83.95,84.1,84.26,37290910,3.1422E+14,119854,4989155,0.1338
22-05-2020,TATAMOTORS,EQ,84.1,83.4,83.9,82,83.05,82.8,82.82,29252936,2.42283E+14,96301,3797520,0.1298
26-05-2020,TATAMOTORS,EQ,82.8,83.9,85.7,82.6,83.25,83.1,84.1,38018351,3.19722E+14,116618,7310373,0.1923
27-05-2020,TATAMOTORS,EQ,83.1,84.1,86,84,84.7,84.55,84.95,57958863,4.92342E+14,144270,14877874,0.2567
28-05-2020,TATAMOTORS,EQ,84.55,86,88.15,84.55,87.15,87,86.48,96183461,8.31775E+14,254053,24565098,0.2554
29-05-2020,TATAMOTORS,EQ,87,85.55,87.5,84.65,86.7,87,85.84,80819025,6.93728E+14,210894,25639006,0.3172
01-06-2020,TATAMOTORS,EQ,87,88.9,91.2,88,89.6,89.55,90.03,71081216,6.39919E+14,207071,11780846,0.1657
02-06-2020,TATAMOTORS,EQ,89.55,90,97.3,89.75,96.15,96.5,94.26,125410755,1.18214E+15,347165,16451689,0.1312
03-06-2020,TATAMOTORS,EQ,96.5,100,101.45,97.4,98.5,98.75,100.15,90600115,9.0738E+14,296653,15481242,0.1709
04-06-2020,TATAMOTORS,EQ,98.75,99,101.4,96.8,98.75,98.5,99.23,72080989,7.15257E+14,209721,8892943,0.1234
05-06-2020,TATAMOTORS,EQ,98.5,100.45,112.45,99.05,111.95,110.75,106.99,187212583,2.00294E+15,503188,22254722,0.1189
08-06-2020,TATAMOTORS,EQ,110.75,114,119.15,113.35,115.65,115.45,115.87,136948454,1.58681E+15,413849,18759497,0.137
09-06-2020,TATAMOTORS,EQ,115.45,117.45,117.9,110.25,111.25,111.45,114,79474755,9.0599E+14,256089,8450073,0.1063
10-06-2020,TATAMOTORS,EQ,111.45,111,113,108.5,112.2,111.4,111.02,84038803,9.33034E+14,268868,6954337,0.0828
11-06-2020,TATAMOTORS,EQ,111.4,109.9,111.15,105,106.1,106.15,109.05,55488921,6.05081E+14,187716,10329025,0.1861
12-06-2020,TATAMOTORS,EQ,106.15,98,106.25,98,104.75,105.3,101.92,92997378,9.47831E+14,288327,8976389,0.0965
15-06-2020,TATAMOTORS,EQ,105.3,104.65,104.65,100.05,100.65,100.5,101.81,69320247,7.05715E+14,223353,9544345,0.1377
16-06-2020,TATAMOTORS,EQ,100.5,102,103.5,92,94.6,94.75,96.73,215478234,2.08434E+15,628969,26288289,0.122
17-06-2020,TATAMOTORS,EQ,94.75,93,96.4,91.8,95.35,95.4,94.59,110831825,1.04839E+15,298090,6378248,0.0575
18-06-2020,TATAMOTORS,EQ,95.4,95,97.2,94.15,96.5,96.35,96.14,58964763,5.66888E+14,197722,6024585,0.1022
19-06-2020,TATAMOTORS,EQ,96.35,96.5,103.9,95.6,101.9,102.5,100.87,135463691,1.36642E+15,378796,17846578,0.1317
22-06-2020,TATAMOTORS,EQ,102.5,102.35,104.9,101,102.55,102.65,103.22,68549914,7.07591E+14,227836,7998003,0.1167
23-06-2020,TATAMOTORS,EQ,102.65,103,106,101.9,104.4,104.4,103.78,68638635,7.12342E+14,192404,6274959,0.1926
24-06-2020,TATAMOTORS,EQ,104.4,105.25,110.8,104.2,105.15,104.8,107.96,125462474,1.35446E+15,368519,16986620,0.1354
25-06-2020,TATAMOTORS,EQ,104.8,103.85,106.3,101.65,104,103.8,104.27,63198650,6.58989E+14,184772,7701030,0.1219
26-06-2020,TATAMOTORS,EQ,103.8,105.4,106.05,100.35,102,101.4,103.24,56328105,5.81536E+14,171279,8972659,0.1593
29-06-2020,TATAMOTORS,EQ,101.4,101.4,101.4,98.05,99.7,99.45,99.36,43275076,4.29969E+14,149166,5211886,0.1204
30-06-2020,TATAMOTORS,EQ,99.45,101.75,102.3,97.3,98.75,98.25,99.31,50767147,5.0418E+14,172501,7877851,0.1552
01-07-2020,TATAMOTORS,EQ,98.25,99,101.45,98.2,100.5,100.75,100.12,50868246,5.09282E+14,169169,5464332,0.1074
02-07-2020,TATAMOTORS,EQ,100.75,100.75,102.95,100.4,101.65,101.55,101.58,48086112,4.88442E+14,144870,5891610,0.1225
03-07-2020,TATAMOTORS,EQ,101.55,102.85,106.35,102.1,103.4,103.45,104.61,87312581,9.13365E+14,254018,10129467,0.116
06-07-2020,TATAMOTORS,EQ,103.45,105,109.9,104.5,109,109,107.22,91971938,9.86086E+14,277964,16810635,0.1828
07-07-2020,TATAMOTORS,EQ,109,109.8,112.6,108.05,108.95,109.05,110.06,85842146,9.44783E+14,268526,9659411,0.1125
08-07-2020,TATAMOTORS,EQ,109.05,109.5,110.85,104.2,105.6,105.35,108.26,55890628,6.05045E+14,178778,7746061,0.1386
09-07-2020,TATAMOTORS,EQ,105.35,106.3,108.95,104.65,107.4,106.95,106.29,54492889,5.79196E+14,168116,4842541,0.0889
10-07-2020,TATAMOTORS,EQ,106.95,106.7,108.6,105.4,107.25,107.6,107.29,64694703,6.94107E+14,194661,6896784,0.1066
13-07-2020,TATAMOTORS,EQ,107.6,108.85,112.1,106.85,108.3,108,109.45,81900473,8.9637E+14,242525,9433157,0.1152
14-07-2020,TATAMOTORS,EQ,108,106.9,107.55,104.1,105.2,105.15,105.61,46926242,4.95589E+14,157141,6178551,0.1317
15-07-2020,TATAMOTORS,EQ,105.15,106.8,106.8,102.5,103.45,103.2,104.91,49688858,5.21284E+14,139212,4949305,0.0996
16-07-2020,TATAMOTORS,EQ,103.2,103.95,103.95,100.6,102.95,102.95,102.04,44334635,4.52379E+14,139777,4515096,0.1018
17-07-2020,TATAMOTORS,EQ,102.95,103.65,106.95,103.3,106.35,106.4,105.36,42080407,4.43366E+14,124209,6075752,0.1444
20-07-2020,TATAMOTORS,EQ,106.4,106.35,106.35,103.85,104.95,105.05,104.89,39787958,4.17339E+14,139285,5217868,0.1311
21-07-2020,TATAMOTORS,EQ,105.05,106,109.7,105.5,108.15,108.45,108.29,66009182,7.14806E+14,203404,11623050,0.1761
22-07-2020,TATAMOTORS,EQ,108.45,108.5,109.75,104.25,105.45,105.15,106.63,50740709,5.41039E+14,145177,8285647,0.1633
23-07-2020,TATAMOTORS,EQ,105.15,105.45,106.45,104.7,106,106.05,105.82,30722468,3.25102E+14,110868,5887560,0.1916
24-07-2020,TATAMOTORS,EQ,106.05,104.7,105.5,102.7,103.65,103.75,103.96,39366097,4.0926E+14,141124,8382556,0.2129
27-07-2020,TATAMOTORS,EQ,103.75,104,104.5,101.3,101.9,101.7,102.52,29646442,3.03941E+14,108291,5600033,0.1889
28-07-2020,TATAMOTORS,EQ,101.7,102.3,107.2,102,106.2,106.45,105.32,64271556,6.76936E+14,201485,10787365,0.1678
29-07-2020,TATAMOTORS,EQ,106.45,108.1,108.75,104.85,105.7,105.75,107.06,44561874,4.77092E+14,148403,5539745,0.1243
30-07-2020,TATAMOTORS,EQ,105.75,106.4,106.75,102.85,103.25,103.65,104.75,33382883,3.4968E+14,128190,5187405,0.1554
31-07-2020,TATAMOTORS,EQ,103.65,104,105.4,102.3,105.05,104.65,103.62,33809020,3.50324E+14,115278,5140680,0.1521
03-08-2020,TATAMOTORS,EQ,104.65,103,114.4,102.9,111.7,113.05,111.21,194765847,2.16595E+15,522686,31582995,0.1622
04-08-2020,TATAMOTORS,EQ,113.05,112.95,115.1,110.8,111.15,111.45,112.99,95906991,1.08369E+15,270181,8120140,0.0847
05-08-2020,TATAMOTORS,EQ,111.45,112.4,117.65,112,115.55,115.4,114.71,99372353,1.13988E+15,266743,16331569,0.1643
06-08-2020,TATAMOTORS,EQ,115.4,116.2,117.7,115.5,117.15,116.8,116.46,60093689,6.99838E+14,161993,11665475,0.1941
07-08-2020,TATAMOTORS,EQ,116.8,117,119.7,116,118.9,119.1,118.33,56489837,6.68442E+14,169070,6642507,0.1176
10-08-2020,TATAMOTORS,EQ,119.1,119.95,124.7,119.7,123.35,123.85,122.9,71095910,8.73734E+14,243534,10795585,0.1518
11-08-2020,TATAMOTORS,EQ,123.85,125,125.8,121.4,122.55,122.3,123.12,50225180,6.18395E+14,151464,6214823,0.1237
12-08-2020,TATAMOTORS,EQ,122.3,121,126.4,120.6,125,125.35,123.54,50715485,6.2652E+14,181485,8075228,0.1592
13-08-2020,TATAMOTORS,EQ,125.35,126.1,131.9,124.4,131.1,131.15,128.74,95490351,1.22936E+15,314690,13529236,0.1417
14-08-2020,TATAMOTORS,EQ,131.15,131.15,132.65,123.7,124.85,124.6,127.78,75034602,9.58771E+14,284236,12668785,0.1688
17-08-2020,TATAMOTORS,EQ,124.6,124.5,126.25,120.6,123.7,123.55,123.93,61154591,7.57903E+14,194650,4097823,0.067
18-08-2020,TATAMOTORS,EQ,123.55,124,127.5,123.6,125.55,125.6,125.5,62154483,7.8007E+14,186007,8777300,0.1412
19-08-2020,TATAMOTORS,EQ,125.6,127,127.6,124.75,125.3,125.15,126.17,45133950,5.69457E+14,137522,6447124,0.1428
20-08-2020,TATAMOTORS,EQ,125.15,123.45,125.65,121.1,121.85,121.7,123.35,43533457,5.37005E+14,167940,8882786,0.204
21-08-2020,TATAMOTORS,EQ,121.7,124.2,124.2,120.15,121.25,120.9,121.91,48650670,5.93089E+14,171419,8316745,0.1709
24-08-2020,TATAMOTORS,EQ,120.9,122,123,120.8,121.1,121.2,121.72,31296668,3.80946E+14,106961,4774740,0.1526
25-08-2020,TATAMOTORS,EQ,121.2,121.8,128.35,121.1,127.65,127.1,125.13,90267008,1.12947E+15,268606,14424865,0.1598
26-08-2020,TATAMOTORS,EQ,127.1,130.5,139,128.35,138.4,137.9,133.87,197516356,2.64418E+15,583201,27004695,0.1367
27-08-2020,TATAMOTORS,EQ,137.9,140.1,146.85,139.3,143.6,144.25,143.14,181382530,2.59626E+15,527074,16664280,0.0919
28-08-2020,TATAMOTORS,EQ,144.25,144.15,146.2,140.5,142.75,142.8,143.07,95196419,1.36198E+15,296547,7291118,0.0766
31-08-2020,TATAMOTORS,EQ,142.8,144.5,147.95,138.2,142.1,143.2,144.19,160564520,2.31513E+15,430759,17871403,0.1113
01-09-2020,TATAMOTORS,EQ,143.2,143.4,145.15,140.4,144,143.8,142.74,58811608,8.39465E+14,185102,5156846,0.0877
02-09-2020,TATAMOTORS,EQ,143.8,144.3,151.65,141.45,151.5,150.3,146.2,74951550,1.0958E+15,246918,8042384,0.1073
03-09-2020,TATAMOTORS,EQ,150.3,151.6,155.2,149.55,151.45,151.85,152.39,110156875,1.67871E+15,355201,12976695,0.1178
04-09-2020,TATAMOTORS,EQ,151.85,147.9,153.65,147,147.6,147.8,150.41,95565047,1.43739E+15,318751,10012871,0.1048
07-09-2020,TATAMOTORS,EQ,147.8,150,152,148,149,149.4,149.73,82619417,1.23709E+15,295645,6590339,0.0798
08-09-2020,TATAMOTORS,EQ,149.4,149.45,149.6,141.2,142.35,142.3,145.64,76297951,1.1112E+15,251056,7484940,0.0981
09-09-2020,TATAMOTORS,EQ,142.3,141,141.75,135.7,140.65,140.1,138.6,105358206,1.46026E+15,297038,23080777,0.2191
10-09-2020,TATAMOTORS,EQ,140.1,142.8,144.5,138,143.1,143.3,142.21,79606710,1.13205E+15,263631,8323381,0.1046
11-09-2020,TATAMOTORS,EQ,143.3,143.1,146.8,141.65,143.65,144.3,144.31,65137801,9.39991E+14,219391,3807850,0.0585
14-09-2020,TATAMOTORS,EQ,144.3,147.2,151.1,145.5,147.15,148.55,148.41,84506253,1.25417E+15,308205,7931069,0.0939
15-09-2020,TATAMOTORS,EQ,148.55,149.4,149.4,146.55,148.9,148.4,147.91,42887987,6.34339E+14,149199,3962200,0.0924
16-09-2020,TATAMOTORS,EQ,148.4,149.2,154.3,148.55,151,151.45,152.38,85057870,1.29608E+15,310895,6455736,0.0759
17-09-2020,TATAMOTORS,EQ,151.45,150.8,151,146.2,147.75,147.65,148.23,48119523,7.13269E+14,189486,5054667,0.105
18-09-2020,TATAMOTORS,EQ,147.65,148.7,150.5,146.25,147.75,147.9,148.7,46271652,6.88067E+14,160380,7586598,0.164
21-09-2020,TATAMOTORS,EQ,147.9,147.75,147.75,135.5,136.3,137.45,141.58,64735434,9.16556E+14,259712,8965286,0.1385
22-09-2020,TATAMOTORS,EQ,137.45,138,138.15,129.65,133.85,133.1,133.16,87298376,1.1625E+15,300880,10583890,0.1212
23-09-2020,TATAMOTORS,EQ,133.1,135.5,136.7,127.9,131.4,131.4,132.13,74983029,9.90785E+14,239508,6472952,0.0863
24-09-2020,TATAMOTORS,EQ,131.4,127.9,128.8,122.15,122.75,122.8,125.21,62423543,7.81601E+14,264670,8519156,0.1365
25-09-2020,TATAMOTORS,EQ,122.8,123.7,128.35,123.1,127,127.25,125.92,65042619,8.18998E+14,228746,4829358,0.0742
28-09-2020,TATAMOTORS,EQ,127.25,128.9,134.3,127.5,133.1,132.85,132.37,61830960,8.18442E+14,211738,4579284,0.0741
29-09-2020,TATAMOTORS,EQ,132.85,134.95,136,130.7,131.95,131.7,132.67,63367335,8.40673E+14,195477,4862649,0.0767
30-09-2020,TATAMOTORS,EQ,131.7,131.55,134.4,130.3,133.4,133.3,132.74,48859151,6.48557E+14,142415,4675108,0.0957
01-10-2020,TATAMOTORS,EQ,133.3,135.9,136.5,132.55,133.85,133.5,134.7,40491787,5.45414E+14,146860,5503808,0.1359
05-10-2020,TATAMOTORS,EQ,133.5,136.95,137.5,132.05,134.2,133.9,134.39,55268395,7.42764E+14,164992,7691792,0.1392
06-10-2020,TATAMOTORS,EQ,133.9,138,145.8,136,144.45,144.75,143.13,162047240,2.31936E+15,502876,14995661,0.0925
07-10-2020,TATAMOTORS,EQ,144.75,144.25,144.5,139.8,141.15,141,141.93,68274103,9.68992E+14,226108,6563737,0.0961
08-10-2020,TATAMOTORS,EQ,141,142.85,143.5,139.6,141.15,140.95,141.3,40943141,5.78508E+14,138293,3645892,0.089
09-10-2020,TATAMOTORS,EQ,140.95,141.15,142.65,138,138.6,138.45,139.59,37097517,5.17857E+14,134757,7674706,0.2069
12-10-2020,TATAMOTORS,EQ,138.45,139.65,139.65,133,135.9,135.9,135.67,39279464,5.32922E+14,143425,4459940,0.1135
13-10-2020,TATAMOTORS,EQ,135.9,135.4,137.1,132.85,133.95,134.1,134.89,38973857,5.2572E+14,143477,4290967,0.1101
14-10-2020,TATAMOTORS,EQ,134.1,133.75,134.65,128.8,130.5,130.7,130.71,45792723,5.98572E+14,179136,8922011,0.1948
15-10-2020,TATAMOTORS,EQ,130.7,131.5,134.35,126.5,126.55,126.95,130.76,64004610,8.36907E+14,234276,8234914,0.1287
16-10-2020,TATAMOTORS,EQ,126.95,129.4,130.05,126,127.8,127.75,127.72,62554211,7.98963E+14,208292,12391424,0.1981
19-10-2020,TATAMOTORS,EQ,127.75,129.8,130.4,127.8,128.25,128.25,128.81,33161414,4.27136E+14,149958,7725211,0.233
20-10-2020,TATAMOTORS,EQ,128.25,128.1,130.3,126.35,129.35,129.65,128.12,27470025,3.51947E+14,121548,6320344,0.2301
21-10-2020,TATAMOTORS,EQ,129.65,131.05,133.1,128.3,130.6,130.25,131.03,39252680,5.14347E+14,202411,8719914,0.2221
22-10-2020,TATAMOTORS,EQ,130.25,129.7,134.6,128.45,134.25,133.5,131.66,48808808,6.42593E+14,182545,8726609,0.1788
23-10-2020,TATAMOTORS,EQ,133.5,134.9,138.9,134.1,136.65,137,136.74,68712845,9.39597E+14,254495,11024899,0.1604
26-10-2020,TATAMOTORS,EQ,137,138.4,140.8,131.25,133.65,133.7,135.51,88533181,1.19967E+15,310965,11495262,0.1298
27-10-2020,TATAMOTORS,EQ,133.7,134.15,136.75,130.85,136.65,135.65,134.38,56861313,7.64115E+14,204736,6531131,0.1149
28-10-2020,TATAMOTORS,EQ,135.65,139,143.25,133.5,134.75,134.8,138.52,152361862,2.11045E+15,473350,19139503,0.1256
29-10-2020,TATAMOTORS,EQ,134.8,132,133,130,132,131.9,131.45,66634175,8.75932E+14,227711,8562047,0.1285
30-10-2020,TATAMOTORS,EQ,131.9,133.2,134.5,130.3,133.2,132.65,132.39,51128679,6.76912E+14,180110,6920409,0.1354
02-11-2020,TATAMOTORS,EQ,132.65,133.65,134,131.1,132.7,132.85,132.46,40388690,5.34983E+14,133563,4327105,0.1071
03-11-2020,TATAMOTORS,EQ,132.85,135,137.4,133.55,133.9,134.1,135.23,52071476,7.04164E+14,175863,8895904,0.1708
04-11-2020,TATAMOTORS,EQ,134.1,135.6,137,134,135.65,135.9,135.35,44675934,6.04671E+14,135790,5053175,0.1131
05-11-2020,TATAMOTORS,EQ,135.9,137,138,136,137.65,137.65,137.16,38928602,5.33942E+14,135309,8486620,0.218
06-11-2020,TATAMOTORS,EQ,137.65,137.65,142.3,137.65,138.7,139,140.04,67966815,9.51832E+14,219687,10822238,0.1592
09-11-2020,TATAMOTORS,EQ,139,140.6,141.5,138.7,141.05,141,140.37,40277460,5.65376E+14,144723,7807449,0.1938
10-11-2020,TATAMOTORS,EQ,141,144.05,146.7,142.75,145.9,146,144.94,68794369,9.97118E+14,229226,14860422,0.216
11-11-2020,TATAMOTORS,EQ,146,146.5,151.5,145.65,151.1,150.95,148.92,78583629,1.17025E+15,252397,14928764,0.19
12-11-2020,TATAMOTORS,EQ,150.95,150.95,153.85,150,151.15,151.2,151.84,56145517,8.52504E+14,189533,8158154,0.1453
13-11-2020,TATAMOTORS,EQ,151.2,150,150,145.35,146.2,146.35,147.35,32566537,4.79882E+14,147362,9105883,0.2796
14-11-2020,TATAMOTORS,EQ,146.35,148.7,150.8,148,148.45,148.85,149.5,11749453,1.75651E+14,97665,3921392,0.3338
17-11-2020,TATAMOTORS,EQ,148.85,152.5,159.35,152.2,158,158,155.6,82644841,1.28592E+15,358314,24440054,0.2957
18-11-2020,TATAMOTORS,EQ,158,158.85,178.8,158.55,173,173.5,167.95,171801183,2.88548E+15,551801,20377723,0.1186
19-11-2020,TATAMOTORS,EQ,173.5,171.4,176.35,166.55,166.95,167.95,172,109449407,1.88253E+15,372052,10937963,0.0999
20-11-2020,TATAMOTORS,EQ,167.95,170.05,171.55,165.55,168.3,169.1,168.89,66935703,1.13049E+15,282455,6260598,0.0935
23-11-2020,TATAMOTORS,EQ,169.1,169.5,173.9,165.55,170.45,170.7,169.75,54566251,9.26286E+14,223504,6216063,0.1139
24-11-2020,TATAMOTORS,EQ,170.7,171.85,175.5,171.1,172,172.05,173.64,47695247,8.28164E+14,208912,6474024,0.1357
25-11-2020,TATAMOTORS,EQ,172.05,175,176.8,169.25,170.95,171.45,173.82,54366608,9.4498E+14,237171,11789889,0.2169
26-11-2020,TATAMOTORS,EQ,171.45,171.6,175,171.05,174.65,173.75,172.44,39094724,6.74168E+14,153282,12867212,0.3291
27-11-2020,TATAMOTORS,EQ,173.75,174.65,183.85,174.65,178.65,180.35,181.13,125926062,2.28087E+15,404522,24420086,0.1939
01-12-2020,TATAMOTORS,EQ,180.35,182.35,182.4,178.1,179.85,179.75,179.94,48881250,8.79555E+14,199976,9429117,0.1929
02-12-2020,TATAMOTORS,EQ,179.75,184,187.35,181.1,183.3,183.6,184.35,88107889,1.62429E+15,311386,9040666,0.1026
03-12-2020,TATAMOTORS,EQ,183.6,185,186,183.25,185,184.85,184.78,33332481,6.1593E+14,140459,5445240,0.1634
04-12-2020,TATAMOTORS,EQ,184.85,186.5,188.8,182.2,184.25,184.15,185.44,47995639,8.90054E+14,190324,7229036,0.1506
07-12-2020,TATAMOTORS,EQ,184.15,184.45,186.45,182.7,183.9,183.55,184.4,29802472,5.49551E+14,118659,4113589,0.138
08-12-2020,TATAMOTORS,EQ,183.55,184.95,185.7,178.95,181.75,181.8,182.23,42143391,7.67988E+14,178817,7012537,0.1664
09-12-2020,TATAMOTORS,EQ,181.8,183,186.4,181.65,182.85,182.7,183.87,40300535,7.41017E+14,179777,7961722,0.1976
10-12-2020,TATAMOTORS,EQ,182.7,182.7,182.7,176.4,177.95,177.6,178.33,38368777,6.84237E+14,160033,7190829,0.1874
11-12-2020,TATAMOTORS,EQ,177.6,177.95,181.45,176.5,178.2,178.85,179.3,43065542,7.72173E+14,177254,7852559,0.1823
14-12-2020,TATAMOTORS,EQ,178.85,181,181.5,176.7,177.9,177.65,178.12,33186273,5.91104E+14,132474,5086607,0.1533
15-12-2020,TATAMOTORS,EQ,177.65,176.45,179.7,173.25,178.9,178.9,175.7,41190341,7.23703E+14,173128,7008958,0.1702
16-12-2020,TATAMOTORS,EQ,178.9,181,183.8,180.1,182.25,182.55,182.28,51259394,9.34379E+14,176362,9694869,0.1891
17-12-2020,TATAMOTORS,EQ,182.55,184,184,180.65,181.3,181.7,182.75,34101954,6.23226E+14,119653,8751118,0.2566
18-12-2020,TATAMOTORS,EQ,181.7,180.9,181.5,176.65,180.4,180.55,179.59,46065197,8.27292E+14,142599,11565940,0.2511
21-12-2020,TATAMOTORS,EQ,180.55,176,177.55,162.5,163.5,164.55,170.86,75582907,1.29143E+15,332579,15563041,0.2059
22-12-2020,TATAMOTORS,EQ,164.55,164.55,169.2,156.7,165.05,164.95,161.45,110009846,1.77613E+15,407075,15828455,0.1439
23-12-2020,TATAMOTORS,EQ,164.95,165,169.7,163.4,169.5,169.2,166.94,56930071,9.50374E+14,197114,6675502,0.1173
24-12-2020,TATAMOTORS,EQ,169.2,172,178,172,175.8,175.95,175.59,73831319,1.29637E+15,254698,7951187,0.1077
28-12-2020,TATAMOTORS,EQ,175.95,179.85,187.4,179,186,186.35,184.4,98012135,1.80736E+15,356065,13615699,0.1389
29-12-2020,TATAMOTORS,EQ,186.35,187.9,188.45,181.1,183.5,183.45,184.51,71318085,1.31591E+15,288808,8522091,0.1195
30-12-2020,TATAMOTORS,EQ,183.45,183.1,185.4,180.4,184.85,184.15,182.49,38576159,7.03975E+14,140846,3253674,0.0843
31-12-2020,TATAMOTORS,EQ,184.15,184.85,187.5,182.8,183.5,183.85,185.33,48978310,9.07722E+14,182333,6501442,0.1327
01-01-2021,TATAMOTORS,EQ,183.85,184.95,187,184.5,186.55,186.5,185.68,27334421,5.07537E+14,110094,4960812,0.1815
04-01-2021,TATAMOTORS,EQ,186.5,191.8,193,188.75,191.15,191.3,191.13,63980597,1.22288E+15,253278,9524998,0.1489
05-01-2021,TATAMOTORS,EQ,191.3,187.1,193.9,185.05,193,193.2,188.96,75752593,1.43139E+15,299902,14548984,0.1921
06-01-2021,TATAMOTORS,EQ,193.2,194.45,197.6,190.65,194.9,195.4,194.82,75621947,1.47324E+15,302100,14274504,0.1888
07-01-2021,TATAMOTORS,EQ,195.4,197,200.35,195.1,196.5,196.75,198.02,66024848,1.30739E+15,232249,7982287,0.1209
08-01-2021,TATAMOTORS,EQ,196.75,198.75,201.5,197.1,197.85,198.15,199.44,53991568,1.07681E+15,191216,7076664,0.1311
11-01-2021,TATAMOTORS,EQ,198.15,199.9,225.4,199.65,223.2,220.65,211.45,182483100,3.85855E+15,635889,25583098,0.1402
12-01-2021,TATAMOTORS,EQ,220.65,227,252.4,224.1,237.25,237.8,238.18,390577839,9.30295E+15,1303825,23171897,0.0593
13-01-2021,TATAMOTORS,EQ,237.8,242.9,248.8,238.4,242.85,242.6,243.45,164649387,4.0084E+15,612651,13997353,0.085
14-01-2021,TATAMOTORS,EQ,242.6,242.85,249.8,238.6,245.25,245.1,244.21,86819519,2.12024E+15,379083,9427551,0.1086
15-01-2021,TATAMOTORS,EQ,245.1,246,264.65,242.6,261.6,260.3,255.48,250038029,6.38797E+15,907714,15930209,0.0637
18-01-2021,TATAMOTORS,EQ,260.3,261.65,262.45,241.15,244.5,245.95,249.46,173383224,4.32513E+15,651158,13485876,0.0778
19-01-2021,TATAMOTORS,EQ,245.95,251.5,261.7,251.3,258.75,258.65,256.26,136861059,3.50724E+15,522685,9668841,0.0706
20-01-2021,TATAMOTORS,EQ,258.65,260,277.5,258.85,274.4,274.9,271.49,205145151,5.56954E+15,828086,11869707,0.0579
21-01-2021,TATAMOTORS,EQ,274.9,281,299,280,292.45,290.6,291.38,283614463,8.26386E+15,1124524,30509002,0.1076
22-01-2021,TATAMOTORS,EQ,290.6,295.95,306.9,278.35,290.85,289.35,296.37,316008609,9.36567E+15,1318669,23030772,0.0729
25-01-2021,TATAMOTORS,EQ,289.35,296.9,299.5,277.35,278.7,279.15,284.75,164346913,4.67973E+15,726552,9512206,0.0579
27-01-2021,TATAMOTORS,EQ,279.15,274.9,275,265.7,266.75,267.5,269.62,126586833,3.41305E+15,577227,12576368,0.0993
28-01-2021,TATAMOTORS,EQ,267.5,260.05,273.4,259.05,266,266.8,266.8,129156876,3.44595E+15,543019,10168460,0.0787
29-01-2021,TATAMOTORS,EQ,266.8,273,278.8,260.6,262.35,262.7,270.74,138442348,3.74814E+15,588270,14916676,0.1077
01-02-2021,TATAMOTORS,EQ,262.7,269.75,282,255.35,280.3,279.6,269.6,165655500,4.46606E+15,797774,12678691,0.0765
02-02-2021,TATAMOTORS,EQ,279.6,293.6,328.85,290.4,326.95,322,308.75,251965965,7.77948E+15,1201928,30359979,0.1205
03-02-2021,TATAMOTORS,EQ,322,339.2,341.9,326.2,331.2,331,334.33,224190114,7.49545E+15,1057040,22289570,0.0994
04-02-2021,TATAMOTORS,EQ,331,329,334.5,322.45,326.1,326.15,328.68,121033002,3.97816E+15,693061,10773872,0.089
05-02-2021,TATAMOTORS,EQ,326.15,327.6,330,312.6,318.45,315.9,319.24,103512235,3.30455E+15,620367,13161252,0.1271
08-02-2021,TATAMOTORS,EQ,315.9,318.75,339.25,318,336.55,335.95,328.1,102123614,3.3507E+15,597813,13791043,0.135
09-02-2021,TATAMOTORS,EQ,335.95,337,338.5,322.2,325.85,325.05,328.65,105981081,3.48303E+15,596440,11770233,0.1111
10-02-2021,TATAMOTORS,EQ,325.05,326,332.65,319.5,328.55,328.9,325.62,93466949,3.04348E+15,474065,5592345,0.0598
11-02-2021,TATAMOTORS,EQ,328.9,326.45,331.35,323.4,324.9,325,326.77,55257166,1.80566E+15,317814,6734537,0.1219
12-02-2021,TATAMOTORS,EQ,325,326.4,330.5,321.25,324.55,325.4,326.36,64093642,2.09175E+15,344490,4621930,0.0721
15-02-2021,TATAMOTORS,EQ,325.4,329.9,335.8,324,331.9,333.35,329.83,78680452,2.59508E+15,418089,8356395,0.1062
16-02-2021,TATAMOTORS,EQ,333.35,335.45,337.9,327.5,329,329.2,331.95,65943843,2.18903E+15,349911,8320793,0.1262
17-02-2021,TATAMOTORS,EQ,329.2,326.9,334.25,325.45,329.7,330.15,329.78,52150941,1.71985E+15,288923,5743645,0.1101
18-02-2021,TATAMOTORS,EQ,330.15,331.5,331.75,321.1,323,323.85,327.39,49204247,1.6109E+15,305338,10654511,0.2165
19-02-2021,TATAMOTORS,EQ,323.85,321.95,321.95,301.4,312.45,311.85,313.32,80274683,2.51516E+15,516227,11456545,0.1427
22-02-2021,TATAMOTORS,EQ,311.85,312.45,313.9,302.15,302.6,304.5,308,57723298,1.77786E+15,341152,5272946,0.0913
23-02-2021,TATAMOTORS,EQ,304.5,308.5,328.9,308.5,324.6,324,319.8,133310157,4.26324E+15,696488,12357798,0.0927
24-02-2021,TATAMOTORS,EQ,324,325,330,316.5,321.2,321.65,324.47,50821757,1.649E+15,287089,10529353,0.2072
25-02-2021,TATAMOTORS,EQ,321.65,325.35,334.7,323.25,333.6,333.15,328.91,64514912,2.12196E+15,352535,13578645,0.2105
26-02-2021,TATAMOTORS,EQ,333.15,323,332.95,318.85,321.9,322.95,324.69,91901339,2.98392E+15,493729,15790964,0.1718
01-03-2021,TATAMOTORS,EQ,322.95,330,331.85,322.7,327.7,328.3,327.28,61190868,2.00267E+15,352381,6661638,0.1089
02-03-2021,TATAMOTORS,EQ,328.3,331.1,347.2,326.45,345.25,345.75,339.18,127708761,4.33165E+15,728843,20697600,0.1621
03-03-2021,TATAMOTORS,EQ,345.75,348.65,357,346.5,347.1,348.5,351.7,92006451,3.23585E+15,527778,19193283,0.2086
04-03-2021,TATAMOTORS,EQ,348.5,339,345.4,337.3,340,339.2,341.5,59863169,2.04435E+15,365276,11468971,0.1916
05-03-2021,TATAMOTORS,EQ,339.2,333,337.85,319.7,326.45,325.15,329.04,86738909,2.85405E+15,511915,18958771,0.2186
08-03-2021,TATAMOTORS,EQ,325.15,331.75,331.75,318.8,321.35,321.25,324.4,81925952,2.65768E+15,547672,12979022,0.1584
09-03-2021,TATAMOTORS,EQ,321.25,325,328.35,309.6,315.15,315.2,318.35,74702208,2.37815E+15,443980,11765184,0.1575
10-03-2021,TATAMOTORS,EQ,315.2,319.5,324.45,316.7,321.75,321.45,321.13,58643853,1.88322E+15,332869,8419018,0.1436
12-03-2021,TATAMOTORS,EQ,321.45,325.05,326.5,314.15,317.45,317.55,320.29,48360842,1.54895E+15,319107,9523477,0.1969
15-03-2021,TATAMOTORS,EQ,317.55,320,320.4,310.05,318.2,318.55,314.73,45083228,1.41889E+15,307122,4375321,0.097
16-03-2021,TATAMOTORS,EQ,318.55,321,321.9,315.1,319,319.95,318.53,39267404,1.25079E+15,228406,3485798,0.0888
17-03-2021,TATAMOTORS,EQ,319.95,318.6,320,304,305.5,305.8,312.19,47262481,1.47551E+15,315250,8660012,0.1832
18-03-2021,TATAMOTORS,EQ,305.8,311,316.6,299.75,308,307,309.64,73731921,2.28306E+15,422219,5223142,0.0708
19-03-2021,TATAMOTORS,EQ,307,303.5,311,290.2,308.2,308.95,302.07,109932681,3.3207E+15,562664,16755161,0.1524
22-03-2021,TATAMOTORS,EQ,308.95,306.45,307.5,300.1,302.85,303.05,303.74,56385019,1.71262E+15,338962,6178761,0.1096
23-03-2021,TATAMOTORS,EQ,303.05,305,312.25,304,306.9,307.4,308.61,60240483,1.85908E+15,349957,6705709,0.1113
24-03-2021,TATAMOTORS,EQ,307.4,303.55,305,293.2,294.75,294.45,299.54,61523819,1.84291E+15,394777,9946893,0.1617
25-03-2021,TATAMOTORS,EQ,294.45,294,294,282.25,286,285.55,287.04,84528317,2.42627E+15,511962,8894303,0.1052
26-03-2021,TATAMOTORS,EQ,285.55,290.5,301.4,290.5,296.75,296.4,296.4,80924011,2.39855E+15,434783,7121742,0.088
30-03-2021,TATAMOTORS,EQ,296.4,300.5,301.3,292.7,297.05,297.05,296.64,45257627,1.34253E+15,267495,5114972,0.113
31-03-2021,TATAMOTORS,EQ,297.05,299,307.5,297.5,301.45,301.8,303.68,58569012,1.77864E+15,325482,7088954,0.121
01-04-2021,TATAMOTORS,EQ,301.8,306.75,309.85,303.05,307.25,307.75,306.29,44088352,1.35038E+15,268091,4813315,0.1092
05-04-2021,TATAMOTORS,EQ,307.75,306.8,311.7,297.2,305.5,305.05,304.12,66178755,2.01262E+15,346981,5081702,0.0768
06-04-2021,TATAMOTORS,EQ,305.05,306.15,313.8,304.8,308,307.75,309.29,63031783,1.9495E+15,313806,7675387,0.1218
07-04-2021,TATAMOTORS,EQ,307.75,306.75,310.65,305.1,307.65,307.8,308.53,39073986,1.20554E+15,194930,4952057,0.1267
08-04-2021,TATAMOTORS,EQ,307.8,307.9,319.8,307.5,314,313.95,315.34,62459774,1.96963E+15,329382,9456962,0.1514
09-04-2021,TATAMOTORS,EQ,313.95,313.2,325,312.5,317.55,318.2,320.77,75462572,2.42059E+15,412742,8649296,0.1146
12-04-2021,TATAMOTORS,EQ,318.2,307.85,307.85,282.9,287.5,286.55,292.83,105342538,3.08473E+15,687082,20366565,0.1933
13-04-2021,TATAMOTORS,EQ,286.55,287.25,304.55,280.55,302,302.85,293.11,116874853,3.42567E+15,571436,8020613,0.0686
15-04-2021,TATAMOTORS,EQ,302.85,303,307.55,296.5,302.2,303.5,301.87,75262749,2.27195E+15,397148,7009105,0.0931
16-04-2021,TATAMOTORS,EQ,303.5,302,315,300.15,308.75,310,310.71,75330709,2.34061E+15,408104,8967594,0.119
19-04-2021,TATAMOTORS,EQ,310,295,304.5,292.8,301.7,301.4,299.92,65791784,1.97321E+15,368946,6807491,0.1035
20-04-2021,TATAMOTORS,EQ,301.4,307.7,308.15,294.2,297.4,298.05,301.99,56740291,1.71349E+15,293573,6928884,0.1221
22-04-2021,TATAMOTORS,EQ,298.05,294,302.5,292.2,294.5,294.55,296.94,61022978,1.81205E+15,324395,6645492,0.1089
23-04-2021,TATAMOTORS,EQ,294.55,291,300,290.5,293.2,294,295.04,58158986,1.71591E+15,301111,5596892,0.0962
26-04-2021,TATAMOTORS,EQ,294,297,299,294.6,295.85,295.4,296.48,30583139,9.06739E+14,173282,3291167,0.1076
27-04-2021,TATAMOTORS,EQ,295.4,295.7,302.5,295.1,302.1,301.5,299.05,35040532,1.04788E+15,191627,5215100,0.1488
28-04-2021,TATAMOTORS,EQ,301.5,303.5,309.5,303,305.15,305.9,307.22,44668126,1.37228E+15,264159,5116568,0.1145
29-04-2021,TATAMOTORS,EQ,305.9,308.9,310,301.25,302.2,301.9,304.77,36647292,1.1169E+15,186996,4193346,0.1144
30-04-2021,TATAMOTORS,EQ,301.9,298.2,301.3,292.55,293.1,293.85,297.01,36121668,1.07285E+15,227806,7898988,0.2187
